bam_accession	fragment_length	biosample	experiment_accession
ENCFF303CIW	36	retinalpigmentepithelialcell	ENCSR000EON
ENCFF880FQL	36	retinalpigmentepithelialcell	ENCSR000EON
ENCFF174ICH	36	Bcellfemaleadult43years	ENCSR000EMJ
ENCFF210XND	36	Bcellfemaleadult43years	ENCSR000EMJ
ENCFF137FRJ	36	muscleofbackmaleembryo127days	ENCSR786FWF
ENCFF143WEU	36	Tcellmaleadult21yearstreatedwith75mcgkgGCSFfor4days	ENCSR414IHC
ENCFF791NEI	36	muscleofarmfemaleembryo120days	ENCSR357PMV
ENCFF168SXE	36	BJ	ENCSR000EME
ENCFF744BIP	36	BJ	ENCSR000EME
ENCFF587JCC	36	cardiovascularprogenitorcelloriginatedfromH7treatedwith5ngmLFibroblastgrowthfactor2for5days10ngmLBonemorphogeneticprotein4for5days6ngmLActivinAfor5days	ENCSR000EMW
ENCFF997SPC	36	cardiovascularprogenitorcelloriginatedfromH7treatedwith5ngmLFibroblastgrowthfactor2for5days10ngmLBonemorphogeneticprotein4for5days6ngmLActivinAfor5days	ENCSR000EMW
ENCFF990BOK	36	cardiacmusclecell	ENCSR000ENJ
ENCFF206IPU	36	cardiacmusclecell	ENCSR000ENJ
ENCFF342FSA	36	largeintestinefemaleembryo91days	ENCSR214QEO
ENCFF410BDB	36	rightkidneymaleembryo115days	ENCSR990XXC
ENCFF892PLU	36	kidneyfemaleembryo85days	ENCSR437KLY
ENCFF214ZTB	20	LNCaPcloneFGCtreatedwith1nM17betahydroxy17methylestra4911trien3onefor12hours	ENCSR000EKU
ENCFF155AZA	36	muscleofbackmaleembryo108days	ENCSR476SDZ
ENCFF463ZMD	36	epithelialcellofesophagus	ENCSR000ENN
ENCFF181AGA	36	epithelialcellofesophagus	ENCSR000ENN
ENCFF229CKY	36	renalcortexinterstitiummaleembryo91days	ENCSR254AGA
ENCFF450FXC	36	heartmaleembryo96days	ENCSR536NGW
ENCFF967YWH	36	rightrenalcortexinterstitiummaleembryo120days	ENCSR887BNC
ENCFF260YGW	36	lungembryo101days	ENCSR986XLW
ENCFF996VPC	36	mammaryepithelialcellfemale	ENCSR000ENV
ENCFF601FCG	36	mammaryepithelialcellfemale	ENCSR000ENV
ENCFF685GEJ	36	heartmaleembryo105days	ENCSR320PGJ
ENCFF452SDF	36	largeintestinemaleembryo91days	ENCSR762FCX
ENCFF437UDA	36	Thelper1cellmaleadult33years	ENCSR000EQE
ENCFF765IRM	36	Thelper1cellmaleadult33years	ENCSR000EQE
ENCFF234FKG	36	heartmaleembryo110days	ENCSR311LLZ
ENCFF188SZW	36	nonpigmentedciliaryepithelialcell	ENCSR000EOF
ENCFF644BXG	36	nonpigmentedciliaryepithelialcell	ENCSR000EOF
ENCFF503TCI	36	bronchialepithelialcellfemaletreatedwith6mcMretinoicacidfor48hours	ENCSR000EPN
ENCFF936TMW	36	bronchialepithelialcellfemaletreatedwith6mcMretinoicacidfor48hours	ENCSR000EPN
ENCFF143LDJ	36	Ishikawatreatedwith600nMafimoxifenefor30minutes	ENCSR000EKL
ENCFF758IXK	36	brainfemaleembryo85days	ENCSR026EOM
ENCFF701NOD	36	spleenembryo112days	ENCSR679IFH
ENCFF658DPH	36	foreskinfibroblastmalenewborn	ENCSR000ENQ
ENCFF817PFK	36	foreskinfibroblastmalenewborn	ENCSR000ENQ
ENCFF737VEB	36	thymusfemaleembryo98days	ENCSR541UPY
ENCFF483PTN	36	thymusmaleembryo104days	ENCSR962EAP
ENCFF926WNT	36	leftlungmaleembryo87days	ENCSR441OGH
ENCFF262CTP	36	muscleoflegfemaleembryo115days	ENCSR938UOR
ENCFF879OIL	36	smallintestinemaleembryo105days	ENCSR188JLO
ENCFF822MFO	20	frontalcortexfemaleadult67yearsandfemaleadult80years	ENCSR000EIY
ENCFF149HKU	20	frontalcortexfemaleadult67yearsandfemaleadult80years	ENCSR000EIY
ENCFF369GVY	50	C803	ENCSR000ELI
ENCFF778NUQ	36	T47D	ENCSR000EQB
ENCFF175RBP	36	leftkidneyfemaleembryo87days	ENCSR295DUI
ENCFF491IZI	36	rightkidneyfemaleembryo87days	ENCSR017TFH
ENCFF131CMS	20	GM03348	ENCSR000EIS
ENCFF673CRF	28	Thelper2cell	ENCSR000EQG
ENCFF111FGC	20	psoasmusclemaleadult27yearsandmaleadult35years	ENCSR000ELO
ENCFF191HCE	20	psoasmusclemaleadult27yearsandmaleadult35years	ENCSR000ELO
ENCFF037MBH	36	commonmyeloidprogenitorCD34positivemaleadult	ENCSR271QSV
ENCFF568VTU	36	muscleofarmfemaleembryo85days	ENCSR309YDN
ENCFF972PHY	36	heartfemaleembryo110days	ENCSR189YJQ
ENCFF486AQD	36	heartfemaleembryo105days	ENCSR154ZNQ
ENCFF035VAD	36	muscleofarmmaleembryo127days	ENCSR956NOL
ENCFF013QGL	36	SJCRH30	ENCSR000FFJ
ENCFF261SRQ	36	naivethymusderivedCD4positivealphabetaTcell	ENCSR000EIF
ENCFF424HKL	36	brainfemaleembryo105days	ENCSR820XRX
ENCFF073DVX	36	testismaleembryo	ENCSR278FHC
ENCFF460LGJ	20	GM18507	ENCSR000EJI
ENCFF186IGB	36	CD4positivealphabetaTcellmaleadult37yearstreatedwith75mcgkgGCSFfor4days	ENCSR425MRQ
ENCFF812HCM	36	rightlungfemaleembryo107days	ENCSR859KGQ
ENCFF423VWC	36	commonmyeloidprogenitorCD34positivemaleadult43years	ENCSR735BIM
ENCFF229UTZ	36	mesodermalcelloriginatedfromH7treatedwith5ngmLFibroblastgrowthfactor2for2days6ngmLActivinAfor2days10ngmLBonemorphogeneticprotein4for2days	ENCSR000EMX
ENCFF621MVU	36	HS27A	ENCSR000EMF
ENCFF562RWI	36	largeintestinefemaleembryo103days	ENCSR800QGE
ENCFF720JEK	36	cardiacmyoblastoriginatedfromH7treatedwith10ngmLBonemorphogeneticprotein4for9days5ngmLFibroblastgrowthfactor2for9days6ngmLActivinAfor9days	ENCSR000EMV
ENCFF041LTC	36	CD4positivealphabetaTcellmaleadult21yearstreatedwith75mcgkgGCSFfor4days	ENCSR569ATD
ENCFF889WZF	20	osteoblast	ENCSR000ELJ
ENCFF181BXE	36	MCF7geneticallymodifiedusingRNAi	ENCSR000EKW
ENCFF235BPV	36	rightkidneymaleembryo96days	ENCSR670ZSA
ENCFF724ZYK	36	muscleofarmmaleembryo96days	ENCSR303YII
ENCFF259TWS	36	rightrenalpelvismaleembryo105days	ENCSR986HEN
ENCFF777VGM	36	commonmyeloidprogenitorCD34positivemaleadult37years	ENCSR772HUG
ENCFF611PME	36	leftkidneyfemaleembryo107days	ENCSR953XJU
ENCFF172VLC	36	HuH7	ENCSR000EKD
ENCFF704TDP	36	stomachmaleembryo108days	ENCSR522FGG
ENCFF846AFK	36	MCF7treatedwith10mMlactatefor24hours	ENCSR000EKY
ENCFF658JQA	36	fibroblastofskinofabdomenmaleembryo97days	ENCSR176KYD
ENCFF308VHI	50	K562treatedwith005dimethylsulfoxidefor72hours	ENCSR000EKO
ENCFF586NXB	36	astrocyte	ENCSR000EPM
ENCFF968JMG	36	astrocyte	ENCSR000EPM
ENCFF853ERI	36	smallintestinefemaleembryo120days	ENCSR116WWW
ENCFF779RJW	36	rightlungfemaleembryo98days	ENCSR445XYW
ENCFF228NEM	36	fibroblastofskinofupperbackmaleembryo97days	ENCSR670VQZ
ENCFF244EYZ	36	stomachfemaleembryo96days	ENCSR683YLO
ENCFF171PLZ	36	rightlungmaleembryo87days	ENCSR947VPG
ENCFF193WOS	36	leftlungfemaleembryo91days	ENCSR803VCR
ENCFF093TTF	36	fibroblastofmammaryglandfemale	ENCSR000ENW
ENCFF643SNJ	36	fibroblastofmammaryglandfemale	ENCSR000ENW
ENCFF364SLY	36	smallintestinemaleembryo91days	ENCSR594OWA
ENCFF632QKZ	36	stomachmaleembryo91days	ENCSR172PVJ
ENCFF576ISP	36	thymusmaleembryo108days	ENCSR888UPQ
ENCFF894ZVE	36	naivethymusderivedCD4positivealphabetaTcellfemaleadult35years	ENCSR000EMM
ENCFF226NPJ	36	foreskinfibroblastmalenewborn	ENCSR251UPG
ENCFF348UDP	36	stomachembryo101days	ENCSR941SMM
ENCFF354YDR	36	commonmyeloidprogenitorCD34positivefemale	ENCSR191EII
ENCFF983CEF	36	muscleofbackmaleembryo104days	ENCSR141NSQ
ENCFF034QAX	36	kidneyepithelialcell	ENCSR000EOL
ENCFF342XZT	36	kidneyepithelialcell	ENCSR000EOL
ENCFF940GYF	36	spinalcordmaleembryo105days	ENCSR148MFM
ENCFF383QFY	20	GM12892	ENCSR000EJF
ENCFF929NGG	36	muscleofarmmaleembryo113days	ENCSR270LZE
ENCFF597IYU	36	spinalcordfemaleembryo87days	ENCSR973MKT
ENCFF544XWR	20	AG08396	ENCSR000EIW
ENCFF107ZXF	36	brainfemaleembryo96days	ENCSR156CLC
ENCFF497YUO	36	smallintestinefemaleembryo108days	ENCSR502NDK
ENCFF981HHK	36	fibroblastofpulmonaryartery	ENCSR000EOH
ENCFF033BYV	36	fibroblastofpulmonaryartery	ENCSR000EOH
ENCFF999DLM	36	muscleofarmmaleembryo105days	ENCSR949JYS
ENCFF118JHP	36	naturalkillercellmaleadult37years	ENCSR718AAB
ENCFF067PJM	36	brainembryo112days	ENCSR118WIQ
ENCFF383HBG	36	largeintestinemaleembryo108days	ENCSR857AEB
ENCFF433YCY	36	largeintestinemaleembryo105days	ENCSR531HPD
ENCFF965JWG	36	brainfemaleembryo117days	ENCSR309FOO
ENCFF151QCL	36	CMK	ENCSR000EMN
ENCFF808RDL	36	Ishikawatreatedwith10nM17betaestradiolfor30minutes	ENCSR000EKM
ENCFF167VUF	36	foreskinmelanocytemalenewborn	ENCSR518JGY
ENCFF730FJF	36	hindlimbmusclemaleembryo120days	ENCSR385AMY
ENCFF776CQU	36	lungmaleembryo108days	ENCSR076YBB
ENCFF883JVC	36	Tcellmaleadult21years	ENCSR628IRM
ENCFF157XVX	20	LNCaPcloneFGC	ENCSR000EKT
ENCFF866JEI	36	T47D	ENCSR000ELT
ENCFF187YNG	20	GM19240	ENCSR000EJL
ENCFF965PZQ	50	D341Med	ENCSR000ELB
ENCFF341YKJ	36	Tcellmaleadult36years	ENCSR627UDJ
ENCFF279SDX	20	GM12891	ENCSR000EJE
ENCFF926JRS	36	heartembryo101days	ENCSR366EGE
ENCFF383AUD	36	hematopoieticmultipotentprogenitorcell	ENCSR000EMK
ENCFF676GGR	36	myotubeoriginatedfromskeletalmusclemyoblast	ENCSR000EOP
ENCFF173TWL	36	myotubeoriginatedfromskeletalmusclemyoblast	ENCSR000EOP
ENCFF868DEY	36	fibroblastofperidontalligamentmale	ENCSR000EOI
ENCFF330DYP	36	fibroblastofperidontalligamentmale	ENCSR000EOI
ENCFF697TQJ	36	fibroblastofskinofleftquadricepsmaleembryo97days	ENCSR371KRY
ENCFF153KUO	36	muscleofbackmaleembryo96days	ENCSR438TWI
ENCFF602VFQ	36	rightlungmaleembryo105days	ENCSR846CTA
ENCFF825XSS	36	JurkatcloneE61	ENCSR000EOS
ENCFF415QST	36	JurkatcloneE61	ENCSR000EOS
ENCFF514GTX	36	stomachfemaleembryo121days	ENCSR282QFE
ENCFF097TAY	20	MCF7originatedfromMCF7	ENCSR000EKZ
ENCFF125VOT	36	leftlungfemaleembryo105days	ENCSR468OVW
ENCFF778QBO	36	commonmyeloidprogenitorCD34positivefemaleadult50years	ENCSR320TUJ
ENCFF577DUO	20	GM12878	ENCSR000EJD
ENCFF038TSN	36	stomachmaleadult34years	ENCSR782SSS
ENCFF061WQO	36	muscleoflegmaleembryo115days	ENCSR937RVN
ENCFF392DVR	36	smallintestinemaleembryo115days	ENCSR354FBA
ENCFF836MKB	20	cerebellummaleadult27yearsandmaleadult35years	ENCSR000EIJ
ENCFF511XVP	20	cerebellummaleadult27yearsandmaleadult35years	ENCSR000EIJ
ENCFF442IPX	20	heartmaleadult27yearsandmaleadult35years	ENCSR000EJQ
ENCFF021QCV	20	heartmaleadult27yearsandmaleadult35years	ENCSR000EJQ
ENCFF094NID	36	renalpelvisfemaleembryo96days	ENCSR141DMX
ENCFF837QAV	36	heartmalechild3years	ENCSR305UJX
ENCFF364DZN	36	muscleoflegmaleembryo97days	ENCSR294QCR
ENCFF196AJB	36	kidneyfemaleembryo120days	ENCSR106OKX
ENCFF303UZK	36	muscleofarmembryo101days	ENCSR826ERZ
ENCFF157LBK	20	iPSNIHi11originatedfromAG20443	ENCSR000EKJ
ENCFF258ARL	36	largeintestinemaleembryo115days	ENCSR366EQH
ENCFF941WEG	36	WERIRb1	ENCSR000EQL
ENCFF514GIB	36	WERIRb1	ENCSR000EQL
ENCFF492WOW	36	muscleoflegmaleembryo105days	ENCSR514QHN
ENCFF303ZJH	36	MCF7	ENCSR000EPH
ENCFF955DEC	36	MCF7	ENCSR000EPH
ENCFF756MBO	36	thymusmaleembryo113days	ENCSR544KDB
ENCFF184MNN	36	dermismicrovascularlymphaticvesselendothelialcellfemale	ENCSR000EOA
ENCFF822XHW	36	dermismicrovascularlymphaticvesselendothelialcellfemale	ENCSR000EOA
ENCFF134TWT	36	HL60	ENCSR000ENU
ENCFF499ZYD	36	HL60	ENCSR000ENU
ENCFF993CDV	36	hematopoieticmultipotentprogenitorcell	ENCSR328UMC
ENCFF107THZ	36	GM04504	ENCSR000EMP
ENCFF262GED	36	GM04504	ENCSR000EMP
ENCFF546PJU	36	H1	ENCSR000EMU
ENCFF240PRN	36	muscleofarmfemaleembryo98days	ENCSR753QKD
ENCFF826PVS	36	smallintestinefemaleembryo107days	ENCSR133KBX
ENCFF081LCY	36	smallintestinemaleembryo108days	ENCSR945RWN
ENCFF430FMO	36	stomachfemaleembryo	ENCSR726YMS
ENCFF375IJW	36	Panc1	ENCSR000EPT
ENCFF048ENW	36	Panc1	ENCSR000EPT
ENCFF938QTJ	36	hepaticstellatecellfemaleadult59years	ENCSR000ELR
ENCFF626HEO	36	heartembryo96days	ENCSR911LTI
ENCFF742VVC	36	muscleofbackmaleembryo96days	ENCSR698CUE
ENCFF313CKZ	36	muscleoflegmaleembryo96days	ENCSR059LXL
ENCFF909JSB	36	muscleofbackfemaleembryo85days	ENCSR193LYA
ENCFF507MMD	36	leftlungfemaleembryo117days	ENCSR541AVF
ENCFF972PYS	36	renalcortexinterstitiumfemaleembryo96days	ENCSR932DHT
ENCFF038KVD	36	pancreasmaleadult34years	ENCSR178JBL
ENCFF778WJZ	36	AG04450	ENCSR000ELY
ENCFF157LMS	36	AG04450	ENCSR000ELY
ENCFF581PCB	36	renalcortexinterstitiummaleembryo108days	ENCSR129KIV
ENCFF420TCF	36	leftrenalcortexinterstitiummaleembryo105days	ENCSR092WMD
ENCFF933PEB	36	amnioticepithelialcell	ENCSR000END
ENCFF699MPT	36	amnioticepithelialcell	ENCSR000END
ENCFF868KCX	36	muscleofarmmaleembryo96days	ENCSR888GBS
ENCFF639QKR	36	muscleofarmfemaleembryo115days	ENCSR062DXC
ENCFF016RRF	50	naiveBcell	ENCSR000ELG
ENCFF919CBA	36	kidneyfemaleembryo121days	ENCSR082JCE
ENCFF798VQL	36	leftrenalpelvismaleembryo105days	ENCSR318JAA
ENCFF822LXI	36	renalcortexinterstitiummaleembryo108days	ENCSR828RNY
ENCFF672QYE	36	commonmyeloidprogenitorCD34positivemaleadult49years	ENCSR281HBB
ENCFF512KST	36	rightlungfemaleembryo108days	ENCSR930AUG
ENCFF104LBX	36	iPSDF1911	ENCSR383SNM
ENCFF944ZDV	36	stomachfemaleembryo105days	ENCSR119HXE
ENCFF481LFO	36	muscleoflegmaleembryo104days	ENCSR861NUH
ENCFF062OHQ	20	GM19238	ENCSR000EJJ
ENCFF637MNL	36	fibroblastofskinofleftquadricepsmaleembryo97days	ENCSR555TFE
ENCFF998HLF	36	K562treatedwith500mcMsodiumbutyratefor72hours	ENCSR000EKR
ENCFF431YVH	36	muscleofbackfemaleembryo115days	ENCSR106RBR
ENCFF411CUP	36	renalcortexinterstitiumfemaleembryo96days	ENCSR022ECC
ENCFF188DIT	36	testismaleembryo	ENCSR729DRB
ENCFF614MII	36	rightkidneyfemaleembryo98days	ENCSR884MCZ
ENCFF503STA	36	AG09309	ENCSR000ELZ
ENCFF949KIR	36	AG09309	ENCSR000ELZ
ENCFF214HKE	36	muscleoftrunkfemaleembryo120days	ENCSR217YRJ
ENCFF337DTQ	36	fibroblastofskinofscalpmaleembryo97days	ENCSR360LBD
ENCFF991JUW	20	frontalcortexmaleadult27yearsandmaleadult35years	ENCSR000EIK
ENCFF231BDP	20	frontalcortexmaleadult27yearsandmaleadult35years	ENCSR000EIK
ENCFF422BPY	36	iPSDF69	ENCSR261SMF
ENCFF342GYS	36	spinalcordfemaleembryo89days	ENCSR615WIN
ENCFF877PLC	36	muscleofbackmaleembryo91days	ENCSR317SIH
ENCFF066IIT	36	kidneymaleembryo85days	ENCSR757EPJ
ENCFF139RJL	36	thymusfemaleembryo	ENCSR682PKY
ENCFF445THP	36	BE2C	ENCSR000EMD
ENCFF206JOQ	36	BE2C	ENCSR000EMD
ENCFF316LPW	36	GM12864	ENCSR000EMR
ENCFF791TMB	20	keratinocytefemale	ENCSR000ELH
ENCFF434XSW	36	rightkidneyfemaleembryo117days	ENCSR765BSU
ENCFF345GHO	36	H7	ENCSR000EMZ
ENCFF686SRR	36	H7	ENCSR000EMZ
ENCFF690DPA	36	renalcorticalepithelialcell	ENCSR000EOK
ENCFF128WBQ	36	renalcorticalepithelialcell	ENCSR000EOK
ENCFF403GDZ	36	CD8positivealphabetaTcellfemaleadult33years	ENCSR840TVG
ENCFF874QVX	36	thymusfemaleembryo113days	ENCSR342NCX
ENCFF038JSA	36	smallintestinefemaleembryo98days	ENCSR565EBN
ENCFF356UEK	36	CD14positivemonocytemaleadult37years	ENCSR674JIL
ENCFF461XPQ	36	renalcortexinterstitiumfemaleembryo120days	ENCSR524DWS
ENCFF689PUE	36	muscleofbackfemaleembryo113days	ENCSR010ZMK
ENCFF847OVS	20	CD14positivemonocytefemale	ENCSR000ELE
ENCFF268ZWP	20	CD14positivemonocytefemale	ENCSR000ELE
ENCFF032GRA	36	CD8positivealphabetaTcellmaleadult21yearstreatedwith75mcgkgGCSFfor4days	ENCSR842VTJ
ENCFF512KQX	36	renalcortexinterstitiummaleembryo113days	ENCSR155NPL
ENCFF918VEK	36	placentafemaleembryo108days	ENCSR129TSG
ENCFF462CUN	36	leftlungmaleembryo115days	ENCSR935EVZ
ENCFF385SWW	36	rightlungfemaleembryo91days	ENCSR263IGU
ENCFF291KFT	36	Thelper2cellfemaleadult26years	ENCSR000EQH
ENCFF748OVY	36	muscleofarmmaleembryo101days	ENCSR356QCD
ENCFF651UEB	36	rightlungfemaleembryo110days	ENCSR441MMO
ENCFF339EUH	36	leftkidneymaleembryo96days	ENCSR184DFF
ENCFF742XYO	27	Thelper1cell	ENCSR000EQC
ENCFF704CZH	36	brainmaleembryo101days	ENCSR572LDG
ENCFF728NQI	36	8988T	ENCSR000EID
ENCFF282KMD	36	commonmyeloidprogenitorCD34positivemale	ENCSR564TUY
ENCFF292RWC	36	muscleoflegfemaleembryo85days	ENCSR198JXW
ENCFF980XRG	36	placentamaleembryo91days	ENCSR989YIV
ENCFF695PEK	36	muscleofbackfemaleembryo105days	ENCSR585CGU
ENCFF142HNG	36	stomachfemaleembryo105days	ENCSR062DUU
ENCFF282DOM	20	endothelialcellofumbilicalveinnewborn	ENCSR000EKF
ENCFF872LXH	36	largeintestinefemaleembryo108days	ENCSR874CAK
ENCFF440TAJ	36	commonmyeloidprogenitorCD34positivefemaleadult27years	ENCSR122VUW
ENCFF365ZEE	36	commonmyeloidprogenitorCD34positivefemaleadult27years	ENCSR122VUW
ENCFF231OCZ	36	SKNMC	ENCSR000EPY
ENCFF569XBD	36	SKNMC	ENCSR000EPY
ENCFF774DLC	36	rightkidneyfemaleembryo107days	ENCSR036VRV
ENCFF166WYW	36	leftlungfemaleembryo110days	ENCSR960EJV
ENCFF072MYZ	36	lungmaleembryo103days	ENCSR318WOD
ENCFF557GXL	36	smoothmusclecellofthebrainvasculaturefemale	ENCSR000ENG
ENCFF994IJJ	36	smoothmusclecellofthebrainvasculaturefemale	ENCSR000ENG
ENCFF696DIP	36	muscleofarmmaleembryo97days	ENCSR619BNL
ENCFF251DCE	20	K562treatedwith1mcMvorinostatfor72hours	ENCSR000EKN
ENCFF068TZW	36	adrenalglandmaleembryo101days	ENCSR080PZL
ENCFF575XDP	36	Tcellmaleadult37years	ENCSR366YTD
ENCFF577AHY	36	kidneymaleembryo87days	ENCSR262QJC
ENCFF315GZT	36	LNCaPcloneFGC	ENCSR000EPF
ENCFF381SPW	36	LNCaPcloneFGC	ENCSR000EPF
ENCFF374WUU	36	mesendodermoriginatedfromH1	ENCSR714DIF
ENCFF307RHR	36	adrenalglandfemaleembryo113days	ENCSR696XSJ
ENCFF592MMI	36	dermisbloodvesselendothelialcellmalenewborn	ENCSR000EOC
ENCFF667MNJ	36	dermisbloodvesselendothelialcellmalenewborn	ENCSR000EOC
ENCFF342EWC	20	HeLaS3	ENCSR000EJT
ENCFF899HTN	36	stomachfemaleembryo108days	ENCSR511GQA
ENCFF466FQO	36	COLO829	ENCSR000EIN
ENCFF167OTD	36	NCIH460	ENCSR000FJH
ENCFF799QKF	36	Bcellmaleadult37years	ENCSR247IUJ
ENCFF053AZF	20	CWRU1	ENCSR000EKI
ENCFF992SEG	36	dermisbloodvesselendothelialcellmalenewborn	ENCSR000ENZ
ENCFF726WDV	36	dermisbloodvesselendothelialcellmalenewborn	ENCSR000ENZ
ENCFF441LQP	36	muscleofarmmaleembryo120days	ENCSR452EGE
ENCFF204MVL	36	smallintestinefemaleembryo110days	ENCSR083FBK
ENCFF114DWM	36	kidneymaleembryo105days	ENCSR499PZA
ENCFF261AQB	36	forelimbmusclefemaleembryo108days	ENCSR166TEE
ENCFF641XHB	36	leftrenalcortexinterstitiummaleembryo105days	ENCSR928SYE
ENCFF315IYJ	36	regulatoryTcellmaleadult28years	ENCSR000EQK
ENCFF770CVV	36	skeletalmusclemyoblast	ENCSR000EOO
ENCFF282HMY	36	lungfemaleembryo85days	ENCSR141VGA
ENCFF730LDQ	20	HepG2	ENCSR000EJV
ENCFF775KUS	36	stomachfemaleembryo107days	ENCSR082XEU
ENCFF620SQA	36	smallintestinefemaleembryo91days	ENCSR457ILW
ENCFF992HOZ	36	muscleoflegfemaleembryo105days	ENCSR286WIA
ENCFF595DJX	20	iPSNIHi7originatedfromAG08395	ENCSR000EKK
ENCFF423VZM	36	muscleofbackfemaleembryo105days	ENCSR033STL
ENCFF708IUW	36	leftkidneyfemaleembryo110days	ENCSR974TXT
ENCFF099CBN	36	renalcortexinterstitiumfemaleembryo89days	ENCSR851ZFT
ENCFF423OOK	36	renalpelvismaleembryo97days	ENCSR364TKL
ENCFF544XES	36	leftlungfemaleembryo98days	ENCSR006XED
ENCFF838ACP	36	muscleofarmmaleembryo97days	ENCSR649PJN
ENCFF881KPD	36	AG04449	ENCSR000ELX
ENCFF279WTM	36	AG04449	ENCSR000ELX
ENCFF485KBE	36	adrenalglandmaleembryo85days	ENCSR856QJX
ENCFF336FMK	36	cardiacfibroblastfemaleadult	ENCSR000ENI
ENCFF757YJR	36	bronchialepithelialcell	ENCSR000EPX
ENCFF350ASE	36	bronchialepithelialcell	ENCSR000EPX
ENCFF032GZN	36	fibroblastoftheaorticadventitiafemale	ENCSR000EMC
ENCFF723RKN	36	fibroblastoftheaorticadventitiafemale	ENCSR000EMC
ENCFF364VBJ	36	HuH75	ENCSR000EKE
ENCFF885IAD	36	astrocyteofthespinalcord	ENCSR000ENB
ENCFF384CCQ	36	astrocyteofthespinalcord	ENCSR000ENB
ENCFF352QIM	36	MCF7	ENCSR000EKV
ENCFF004ZWR	36	keratinocytefemale	ENCSR000EPQ
ENCFF111DMK	36	keratinocytefemale	ENCSR000EPQ
ENCFF032ZHQ	36	pulmonaryarteryendothelialcellfemale	ENCSR000EOG
ENCFF456KNS	36	neuralstemprogenitorcelloriginatedfromH1	ENCSR278FVO
ENCFF165CHM	36	kidneyfemaleembryo105days	ENCSR953JVX
ENCFF923AHY	36	foreskinkeratinocytemalenewborn	ENCSR724CND
ENCFF832KMA	20	Ishikawatreatedwith002dimethylsulfoxidefor1hour	ENCSR000EIP
ENCFF630JYV	20	HeLaS3treatedwithinterferonalphafor4hours	ENCSR000EJS
ENCFF983QHC	36	leftrenalpelvismaleembryo120days	ENCSR320SVK
ENCFF262FMO	36	muscleofarmmaleembryo104days	ENCSR951XEN
ENCFF733DPB	36	lungembryo112days	ENCSR006IJP
ENCFF662JDU	36	largeintestinefemaleembryo107days	ENCSR563XRP
ENCFF882KAT	36	rightlungfemaleembryo117days	ENCSR845MEJ
ENCFF785GGQ	36	stromalcellofbonemarrowmale	ENCSR000EMH
ENCFF482ZLG	36	stromalcellofbonemarrowmale	ENCSR000EMH
ENCFF334LMK	36	stomachmalechild3years	ENCSR246PXX
ENCFF594MMQ	36	stomachfemaleembryo96days	ENCSR930YSB
ENCFF328FOI	36	fibroblastofskinofleftbicepsmaleembryo97days	ENCSR648GDP
ENCFF186DCB	36	stomachmaleembryo127days	ENCSR608AHQ
ENCFF558JPQ	36	fibroblastofdermisfemaleadult	ENCSR000EPO
ENCFF061GEQ	36	fibroblastofdermisfemaleadult	ENCSR000EPO
ENCFF724NXG	36	iPSDF197	ENCSR440QMR
ENCFF263RQE	36	CD4positivealphabetaTcellfemaleadult33years	ENCSR643GHI
ENCFF022BIA	36	heartfemaleembryo147days	ENCSR533VAF
ENCFF263JEB	36	leftlungmaleembryo105days	ENCSR953WJO
ENCFF023JFG	36	IMR90	ENCSR477RTP
ENCFF560ADH	36	iPSDF47	ENCSR014FPY
ENCFF376RPN	20	GM19239	ENCSR000EJK
ENCFF541OSD	36	largeintestinefemaleembryo120days	ENCSR133SPH
ENCFF399YBZ	36	leftlungfemaleembryo108days	ENCSR456KDF
ENCFF258KTF	36	brainfemaleembryo142days	ENCSR187PYY
ENCFF871ZIO	36	leftrenalcortexinterstitiummaleembryo105days	ENCSR588JXI
ENCFF351ETM	36	brainmicrovascularendothelialcell	ENCSR000ENE
ENCFF419OPC	36	brainmicrovascularendothelialcell	ENCSR000ENE
ENCFF465SCA	36	leftrenalpelvismaleembryo105days	ENCSR016THC
ENCFF652JRP	20	GM10248	ENCSR000EJB
ENCFF368ONB	36	naturalkillercellfemaleadult34years	ENCSR723JLG
ENCFF930UJQ	20	hepatocyte	ENCSR000EJU
ENCFF340AOJ	36	Caco2	ENCSR000EMI
ENCFF233HFA	36	Caco2	ENCSR000EMI
ENCFF200WYL	36	dermisbloodvesselendothelialcellfemaleadult	ENCSR000ENY
ENCFF128EMV	36	dermisbloodvesselendothelialcellfemaleadult	ENCSR000ENY
ENCFF004DBD	36	rightkidneymaleembryo108days	ENCSR414ZUA
ENCFF497SLL	36	RWPE1	ENCSR000ELP
ENCFF917PCI	36	adrenalglandfemaleembryo108days	ENCSR419MZH
ENCFF407WTY	20	HTR8SVneo	ENCSR000EKC
ENCFF098TNV	36	rightlungfemaleembryo105days	ENCSR299INS
ENCFF664ORR	36	renalcortexinterstitiummaleembryo97days	ENCSR550UWM
ENCFF600ZPV	36	fibroblastoflung	ENCSR000EOJ
ENCFF876COX	36	fibroblastoflung	ENCSR000EOJ
ENCFF524BYF	36	HFFMycoriginatedfromforeskinfibroblast	ENCSR000ENR
ENCFF596GQD	36	HFFMycoriginatedfromforeskinfibroblast	ENCSR000ENR
ENCFF718CPH	36	muscleoflegmaleembryo97days	ENCSR033DQS
ENCFF123GQB	36	cardiacmusclecelloriginatedfromH7treatedwith5ngmLFibroblastgrowthfactor2for14days10ngmLBonemorphogeneticprotein4for14days6ngmLActivinAfor14days	ENCSR000EMY
ENCFF381XAO	36	cardiacmusclecelloriginatedfromH7treatedwith5ngmLFibroblastgrowthfactor2for14days10ngmLBonemorphogeneticprotein4for14days6ngmLActivinAfor14days	ENCSR000EMY
ENCFF276MYG	36	lungfemaleembryo120days	ENCSR214XJO
ENCFF464YPK	36	largeintestinefemaleembryo98days	ENCSR796SJV
ENCFF988AGY	36	foreskinfibroblastmalenewborn	ENCSR153LHP
ENCFF696XWN	36	stomachfemaleembryo98days	ENCSR208DMX
ENCFF495TYK	36	brainfemaleembryo109days	ENCSR344FLH
ENCFF247OEM	36	trophoblastcelloriginatedfromH1	ENCSR179CDH
ENCFF827ZUX	20	T47Dtreatedwith10nM17betaestradiolfor30minutes	ENCSR000ELS
ENCFF419YZK	36	astrocyteofthecerebellum	ENCSR000ENC
ENCFF860MDX	36	astrocyteofthecerebellum	ENCSR000ENC
ENCFF151NWN	36	ovaryfemaleembryo	ENCSR428XAX
ENCFF843RUT	36	lungmicrovascularendothelialcellfemale	ENCSR000EOD
ENCFF134ECF	36	Thelper1cell	ENCSR000EIG
ENCFF279XBP	36	skinofbodyfemaleembryo82days	ENCSR092OFK
ENCFF694DML	36	rightrenalcortexinterstitiummaleembryo105days	ENCSR014VAC
ENCFF513MDH	36	smallintestinemaleembryo87days	ENCSR970ZLG
ENCFF153UPL	36	RPMI7951	ENCSR000EPV
ENCFF187STF	36	heartmaleembryo120days	ENCSR392GCE
ENCFF708ODW	36	largeintestinemaleembryo113days	ENCSR047FNH
ENCFF325PPL	36	smallintestinefemaleembryo105days	ENCSR860NDZ
ENCFF390SVU	36	stomachfemaleembryo147days	ENCSR627KFV
ENCFF980AMQ	36	muscleoftrunkfemaleembryo121days	ENCSR411MGY
ENCFF580KJB	36	irispigmentepithelialcell	ENCSR000ENT
ENCFF650VCZ	36	irispigmentepithelialcell	ENCSR000ENT
ENCFF903URC	36	renalpelvisfemaleembryo103days	ENCSR554WUJ
ENCFF510SQT	20	AG08395	ENCSR000EIV
ENCFF910KLI	36	astrocyteofthehippocampus	ENCSR000ENA
ENCFF707XHV	36	astrocyteofthehippocampus	ENCSR000ENA
ENCFF352VHM	36	muscleoftrunkfemaleembryo113days	ENCSR440FZS
ENCFF228ZXO	36	fibroblastoflungmaleadult45years	ENCSR000EPR
ENCFF797RES	36	fibroblastoflungmaleadult45years	ENCSR000EPR
ENCFF845SGV	36	AG10803	ENCSR000EMB
ENCFF852EAF	36	AG10803	ENCSR000EMB
ENCFF777ADP	36	muscleoflegfemaleembryo113days	ENCSR272RQX
ENCFF685FBO	36	rightkidneyfemaleembryo147days	ENCSR871APX
ENCFF368XNE	36	fibroblastofvillousmesenchyme	ENCSR000EOR
ENCFF869AKJ	36	fibroblastofvillousmesenchyme	ENCSR000EOR
ENCFF813ZGX	36	endothelialcellofumbilicalveinnewborn	ENCSR000EOQ
ENCFF434GJP	36	endothelialcellofumbilicalveinnewborn	ENCSR000EOQ
ENCFF060HCX	36	muscleofbackmaleembryo97days	ENCSR295ELC
ENCFF093JOU	36	placentafemaleembryo105days	ENCSR545KQR
ENCFF640FXT	36	renalpelvisfemaleembryo89days	ENCSR911YVV
ENCFF825YMA	50	GM10266	ENCSR000EJC
ENCFF002QDM	36	brainmaleembryo122days	ENCSR649KBB
ENCFF732GMC	36	dermisbloodvesselendothelialcellfemaleadult	ENCSR000ENX
ENCFF626KPV	36	dermisbloodvesselendothelialcellfemaleadult	ENCSR000ENX
ENCFF734SZK	36	M059J	ENCSR000EPG
ENCFF764PYL	36	ovaryfemaleadult30years	ENCSR712PYJ
ENCFF879BNX	36	epithelialcellofprostate	ENCSR000EPU
ENCFF983FBQ	36	epithelialcellofprostate	ENCSR000EPU
ENCFF727AUR	36	WI38geneticallymodifiedusingstabletransfectionoriginatedfromWI38treatedwith20nMafimoxifenefor72hours	ENCSR000EQM
ENCFF405WBA	36	WI38geneticallymodifiedusingstabletransfectionoriginatedfromWI38treatedwith20nMafimoxifenefor72hours	ENCSR000EQM
ENCFF095EOR	36	dermismicrovascularlymphaticvesselendothelialcellmale	ENCSR000EOB
ENCFF465BRT	36	dermismicrovascularlymphaticvesselendothelialcellmale	ENCSR000EOB
ENCFF049WFJ	36	muscleofarmmaleembryo115days	ENCSR868XPR
ENCFF435NWK	36	MCF7treatedwith100nMestradiolfor1hour	ENCSR000EPI
ENCFF723HPJ	36	MCF7treatedwith100nMestradiolfor1hour	ENCSR000EPI
ENCFF179EGA	36	choroidplexusepithelialcell	ENCSR000ENL
ENCFF582ELI	36	choroidplexusepithelialcell	ENCSR000ENL
ENCFF459FGU	36	cardiacfibroblast	ENCSR000ENH
ENCFF859LTN	36	cardiacfibroblast	ENCSR000ENH
ENCFF102TYI	36	rightrenalpelvismaleembryo105days	ENCSR761ZFA
ENCFF150FTD	20	urotheliumcellline	ENCSR000ELV
ENCFF737ILJ	36	leftlungmaleembryo113days	ENCSR488PHT
ENCFF216TVS	36	rightlungmaleembryo96days	ENCSR964VVW
ENCFF357YVA	36	largeintestinefemaleembryo105days	ENCSR444VTC
ENCFF738LZH	36	leftrenalcortexinterstitiummaleembryo120days	ENCSR039ZVQ
ENCFF102CCA	36	heartfemaleembryo117days	ENCSR174JMM
ENCFF003GDW	36	thymusfemaleembryo105days	ENCSR838IPF
ENCFF406NNO	36	adrenalglandmaleembryo108days	ENCSR728BAD
ENCFF225BMQ	36	leftkidneyfemaleembryo147days	ENCSR422PVL
ENCFF175VYM	36	CD8positivealphabetaTcellfemaleadult34years	ENCSR609DDQ
ENCFF039CCW	36	lungmaleembryo82days	ENCSR587HPR
ENCFF560DOD	36	CD14positivemonocytefemale	ENCSR000EPK
ENCFF117UCU	36	placentafemaleembryo85days	ENCSR648RAX
ENCFF002PRU	36	brainmaleembryo104days	ENCSR947POC
ENCFF898LUA	36	A549	ENCSR000EIE
ENCFF648SRI	36	leftkidneyfemaleembryo98days	ENCSR120LVW
ENCFF320WEE	36	muscleoflegmaleembryo96days	ENCSR297ORG
ENCFF350ADG	36	skeletalmusclecell	ENCSR000EQA
ENCFF907ZLW	36	kidneyfemaleembryo108days	ENCSR941DTJ
ENCFF575RRD	36	muscleofarmfemaleembryo105days	ENCSR517NHP
ENCFF082HNP	20	K562G2phase	ENCSR000EKP
ENCFF799FPE	36	renalpelvismaleembryo127days	ENCSR301RCD
ENCFF319KPB	36	fibroblastofgingiva	ENCSR000ENS
ENCFF113PHZ	36	brainpericyte	ENCSR000ENF
ENCFF098QVT	36	pancreasfemaleadult30years	ENCSR595HZQ
ENCFF414MBW	36	A549	ENCSR000ELW
ENCFF384DKP	36	largeintestinemaleembryo105days	ENCSR666YVE
ENCFF090MYG	36	WI38geneticallymodifiedusingstabletransfectionoriginatedfromWI38	ENCSR000EQN
ENCFF864JGZ	36	WI38geneticallymodifiedusingstabletransfectionoriginatedfromWI38	ENCSR000EQN
ENCFF120XFB	20	HEK293T	ENCSR000EJR
ENCFF834ZXZ	20	H7	ENCSR000EJO
ENCFF512ZPM	36	HPDE6E6E7	ENCSR000EJX
ENCFF243ZVW	36	leftlungfemaleembryo107days	ENCSR680SDS
ENCFF451NJI	36	renalpelvismaleembryo91days	ENCSR580OAH
ENCFF600MAP	36	AG09319	ENCSR000EMA
ENCFF156BPD	36	AG09319	ENCSR000EMA
ENCFF795BKQ	20	chorion	ENCSR000EIL
ENCFF976DGL	36	commonmyeloidprogenitorCD34positivemaleadult23years	ENCSR639ZJI
ENCFF715SBO	36	SKNDZtreatedwithdimethylsulfoxidefor72hours	ENCSR000FJL
ENCFF911BTJ	36	thymusmaleembryo127days	ENCSR164PQJ
ENCFF945LOQ	36	thymusfemaleembryo147days	ENCSR777USE
ENCFF208OOF	20	epidermalmelanocyte	ENCSR000ELD
ENCFF676ZVU	36	placentamaleembryo85days	ENCSR802AJE
ENCFF422YEO	36	fibroblastoftheconjunctiva	ENCSR000ENK
ENCFF236GKU	36	fibroblastoftheconjunctiva	ENCSR000ENK
ENCFF914ZZA	36	rightkidneymaleembryo87days	ENCSR332BSB
ENCFF188HWG	36	renalpelvismaleembryo108days	ENCSR913NYL
ENCFF616KIO	36	adrenalglandfemaleembryo85days	ENCSR866RCY
ENCFF076CAH	36	spinalcordmaleembryo96days	ENCSR788SOI
ENCFF280YWT	36	leftkidneymaleembryo87days	ENCSR600RAA
ENCFF555GHS	36	LHCNM2	ENCSR000EPE
ENCFF231TEJ	36	heartfemaleembryo91days	ENCSR064GBK
ENCFF593WBR	36	GM12878	ENCSR000EMT
ENCFF658WKQ	36	GM12878	ENCSR000EMT
ENCFF445ADE	36	rightrenalpelvismaleembryo120days	ENCSR540PVZ
ENCFF206IPN	36	SKNSHtreatedwith6mcMalltransretinoicacidfor48hours	ENCSR000EPZ
ENCFF823HSL	27	SKNSHtreatedwith6mcMalltransretinoicacidfor48hours	ENCSR000EPZ
ENCFF377ITR	36	lungmicrovascularendothelialcellfemale	ENCSR000EOE
ENCFF507SVX	36	lungmicrovascularendothelialcellfemale	ENCSR000EOE
ENCFF862VPD	36	renalcortexinterstitiumfemaleembryo103days	ENCSR656QYL
ENCFF266KSF	36	HCT116	ENCSR000ENM
ENCFF391EDU	36	HCT116	ENCSR000ENM
ENCFF689AWK	36	muscleofbackmaleembryo105days	ENCSR357RED
ENCFF393ZCH	36	glomerularendothelialcell	ENCSR000EOM
ENCFF217AES	36	glomerularendothelialcell	ENCSR000EOM
ENCFF156QMX	36	SKMEL5	ENCSR000FEK
ENCFF516PCO	36	ELF1	ENCSR678ILN
ENCFF200KPY	36	rightrenalcortexinterstitiummaleembryo105days	ENCSR268QCH
ENCFF496QFG	36	fibroblastofskinofleftbicepsmaleembryo97days	ENCSR562ACY
ENCFF824FOA	36	rightrenalpelvismaleembryo105days	ENCSR752NTF
ENCFF079AFH	36	GM04503	ENCSR000EMO
ENCFF934KRD	36	GM04503	ENCSR000EMO
ENCFF353BGJ	36	renalpelvisfemaleembryo96days	ENCSR606UAR
ENCFF103JUC	36	lungembryo67days	ENCSR504KZE
ENCFF609XGK	36	GM06990	ENCSR000EMQ
ENCFF811YPN	27	GM06990	ENCSR000EMQ
ENCFF875SKJ	36	myocyteoriginatedfromLHCNM2	ENCSR000EPD
ENCFF458BGJ	36	muscleoflegmaleembryo127days	ENCSR622CAH
ENCFF682LAI	36	foreskinfibroblastmalenewborn	ENCSR000EPP
ENCFF732BYR	36	foreskinfibroblastmalenewborn	ENCSR000EPP
ENCFF164MVZ	36	K562	ENCSR000EKS
ENCFF114GWU	20	AG20443	ENCSR000EIX
ENCFF169JFB	36	Tcell	ENCSR040DGJ
ENCFF212MQC	36	HS5	ENCSR000EMG
ENCFF031YLN	36	muscleofbackfemaleembryo98days	ENCSR072NBR
ENCFF915LEP	20	H1	ENCSR000EJN
ENCFF115YBL	36	NT2D1	ENCSR000EPS
ENCFF630DWU	36	NT2D1	ENCSR000EPS
ENCFF382XYI	36	MCF7geneticallymodifiedusingRNAi	ENCSR000EKX
ENCFF389XNA	36	commonmyeloidprogenitorCD34positivemaleadult36years	ENCSR453EVC
ENCFF661PXJ	20	D721Med	ENCSR000ELA
ENCFF959EEX	36	epithelialcellofproximaltubule	ENCSR000EPW
ENCFF725QCH	36	epithelialcellofproximaltubule	ENCSR000EPW
ENCFF225YGR	36	largeintestinefemaleembryo110days	ENCSR154YPL
ENCFF574GID	36	renalcortexinterstitiummaleembryo127days	ENCSR849OKE
ENCFF022WQN	20	H9	ENCSR000EJP
ENCFF940BNE	36	germinalcenter	ENCSR000EIZ
ENCFF595LDQ	36	rightlungmaleembryo115days	ENCSR228BOM
ENCFF896FAA	36	spinalcordfemaleembryo113days	ENCSR678PDD
ENCFF839QKD	36	leftlungmaleembryo96days	ENCSR639XWF
ENCFF501IRE	36	brainmaleembryo105days	ENCSR420RWU
ENCFF028OWR	36	Bcellfemaleadult34years	ENCSR891VOV
ENCFF103TWU	20	H54	ENCSR000EJA
ENCFF953UGS	36	renalpelvismaleembryo113days	ENCSR956ZHU
ENCFF581AVY	36	lungfemaleembryo108days	ENCSR482HQE
ENCFF107ZZV	36	leftkidneymaleembryo115days	ENCSR543YPH
ENCFF575XOL	36	EL	ENCSR691MQJ
ENCFF923PXN	36	GM12865	ENCSR000EMS
ENCFF453PKP	36	GM12865	ENCSR000EMS
ENCFF493TLS	36	leftrenalpelvismaleembryo105days	ENCSR258IBL
ENCFF335TCS	20	K562G1phase	ENCSR000EKQ
ENCFF370VHQ	36	lungfemaleembryo96days	ENCSR847RSJ
ENCFF024CTB	36	muscleoflegmaleembryo101days	ENCSR167XSQ
ENCFF317PMR	36	muscleofbackmaleembryo101days	ENCSR174GXG
ENCFF097CSM	20	GM03348geneticallymodifiedusingtransductiontreatedwith3mcgmLdoxycyclinefor10days	ENCSR000EIT
ENCFF134DLD	36	K562	ENCSR000EOT
ENCFF950QGD	36	CD14positivemonocytefemaleadult34years	ENCSR695AUY
ENCFF307JMF	36	commonmyeloidprogenitorCD34positivemaleadult42years	ENCSR495INQ
ENCFF147IMV	36	HeLaS3G1bphase	ENCSR000ENO
ENCFF886SWA	36	HeLaS3G1bphase	ENCSR000ENO
ENCFF917XDW	36	leftlungmaleembryo91days	ENCSR510ITB
ENCFF878MWN	36	heartfemaleembryo103days	ENCSR914DOH
ENCFF470NYT	36	adrenalglandembryo96days	ENCSR060BFU
ENCFF957WMA	36	renalpelvisfemaleembryo105days	ENCSR619DRM
ENCFF416ELA	36	kidneyfemaleembryo113days	ENCSR645GJD
ENCFF089DEJ	36	NB4	ENCSR000EPL
ENCFF284NZK	36	NB4	ENCSR000EPL
